Time(s),Ax(g),Ay(g),Az(g),Gx(°/s),Gy(°/s),Gz(°/s)
0.004019,0.027,-0.137,0.957,-7.622,1.244,-0.427
0.005115,0.029,-0.136,0.961,-7.797,1.213,-0.252
0.006262,0.032,-0.125,0.959,-7.767,1.106,-0.389
0.007421,0.037,-0.124,0.969,-7.996,1.419,-0.679
0.008507,0.03,-0.132,0.959,-8.095,1.236,-0.847
0.009461,0.035,-0.13,0.958,-7.774,1.312,-0.961
0.010413,0.041,-0.134,0.955,-7.683,1.274,-0.9
0.011374,0.038,-0.127,0.957,-7.683,1.266,-1.45
0.012321,0.036,-0.13,0.958,-7.774,1.373,-1.373
0.013268,0.032,-0.137,0.957,-7.759,1.297,-1.556
0.014214,0.027,-0.142,0.963,-7.645,1.411,-1.236
0.015160,0.029,-0.14,0.961,-7.668,1.45,-1.137
0.016116,0.027,-0.135,0.948,-7.79,1.114,-0.816
0.017062,0.033,-0.144,0.961,-7.782,1.274,-0.534
0.018010,0.028,-0.144,0.956,-7.545,1.259,-0.45
0.018955,0.029,-0.138,0.954,-7.835,1.35,-0.32
0.019913,0.033,-0.13,0.957,-7.729,1.236,-0.71
0.020863,0.03,-0.135,0.96,-7.79,1.297,-0.603
0.021808,0.031,-0.135,0.96,-7.629,1.152,-0.61
0.022758,0.027,-0.137,0.958,-7.385,1.266,-0.923
0.023716,0.028,-0.138,0.957,-7.683,1.312,-1.236
0.024663,0.028,-0.137,0.953,-7.515,1.289,-1.198
0.025608,0.02,-0.144,0.96,-7.408,1.297,-1.373
0.026554,0.018,-0.151,0.952,-7.37,1.244,-0.916
0.027533,0.016,-0.161,0.954,-7.668,1.488,-0.786
0.028482,0.016,-0.155,0.954,-7.401,1.274,-0.694
0.029425,0.02,-0.156,0.956,-7.225,1.404,-0.542
0.030370,0.022,-0.16,0.953,-7.378,1.236,-0.42
0.031317,0.019,-0.158,0.955,-7.309,1.228,0.023
0.032250,0.02,-0.152,0.953,-7.378,1.129,0.038
0.033186,0.026,-0.145,0.966,-7.294,1.152,-0.221
0.034131,0.029,-0.141,0.955,-7.133,1.35,-0.504
0.035068,0.03,-0.139,0.957,-7.05,1.03,-0.862
0.036024,0.029,-0.134,0.953,-7.248,1.274,-0.702
0.036973,0.035,-0.128,0.959,-6.859,1.167,-0.916
0.038010,0.034,-0.123,0.966,-6.958,1.274,-0.961
0.038956,0.034,-0.124,0.957,-7.05,1.358,-1.465
0.040021,0.031,-0.125,0.962,-7.072,1.022,-1.183
0.040978,0.033,-0.125,0.957,-6.95,1.282,-0.916
0.042007,0.035,-0.117,0.954,-7.133,1.221,-1.129
0.042960,0.032,-0.121,0.957,-7.034,1.343,-0.954
0.044016,0.03,-0.124,0.957,-7.24,1.221,-0.74
0.044964,0.026,-0.131,0.958,-7.446,1.099,-0.496
0.045999,0.031,-0.13,0.959,-7.652,1.099,-0.244
0.046946,0.03,-0.13,0.96,-7.355,1.434,-0.275
0.048012,0.027,-0.134,0.958,-7.385,1.282,-0.183
0.048965,0.021,-0.141,0.954,-7.393,1.129,-0.122
0.049999,0.025,-0.14,0.965,-7.462,1.175,-0.191
0.050937,0.023,-0.142,0.958,-7.401,1.259,-0.175
0.052014,0.025,-0.139,0.954,-7.332,1.396,-0.565
0.052961,0.024,-0.148,0.969,-7.431,1.419,-0.61
0.053999,0.021,-0.142,0.957,-7.317,1.419,-0.603
0.054949,0.022,-0.127,0.953,-7.24,1.335,-0.961
0.056020,0.026,-0.126,0.959,-7.233,1.404,-1.175
0.056974,0.027,-0.125,0.955,-7.179,1.541,-1.152
0.058003,0.025,-0.122,0.958,-7.469,1.259,-1.19
0.058956,0.022,-0.119,0.96,-7.401,1.228,-1.312
0.060027,0.019,-0.112,0.956,-7.065,1.228,-1.328
0.060977,0.018,-0.115,0.955,-7.607,1.419,-1.419
0.061999,0.017,-0.125,0.955,-7.202,1.137,-1.45
0.062952,0.021,-0.126,0.956,-7.607,1.205,-1.038
0.064018,0.023,-0.122,0.956,-7.607,1.175,-0.801
0.064973,0.021,-0.132,0.962,-7.668,1.068,-0.534
0.066007,0.019,-0.14,0.959,-7.545,1.137,-0.183
0.066951,0.019,-0.139,0.961,-8.095,1.152,0.13
0.067999,0.024,-0.133,0.954,-7.935,1.183,0.229
0.068964,0.033,-0.133,0.957,-7.889,1.221,-0.069
0.069998,0.032,-0.132,0.955,-7.988,1.434,-0.069
0.070985,0.032,-0.129,0.965,-8.011,1.35,-0.183
0.071965,0.035,-0.126,0.959,-7.53,1.053,-0.832
0.094414,0.033,-0.128,0.954,-7.576,1.488,-1.846
0.095381,0.032,-0.134,0.96,-7.744,1.381,-1.785
0.097088,0.026,-0.132,0.953,-7.416,1.244,-1.518
0.098047,0.023,-0.137,0.954,-7.599,1.198,-1.228
0.136429,0.024,-0.145,0.961,-7.614,1.472,-1.038
0.137414,0.019,-0.149,0.956,-8.011,1.19,-0.473
0.138368,0.018,-0.152,0.952,-7.82,1.259,-0.198
0.139336,0.023,-0.152,0.951,-7.736,1.495,0.191
0.140276,0.025,-0.153,0.955,-7.874,1.366,0.305
0.141215,0.025,-0.156,0.953,-7.79,1.411,0.053
0.142157,0.027,-0.149,0.956,-7.523,1.35,0.092
0.179944,0.028,-0.145,0.958,-7.401,1.106,-0.107
0.180934,0.032,-0.14,0.958,-7.317,1.274,-0.343
0.181882,0.036,-0.144,0.959,-7.294,0.992,-0.862
0.182832,0.033,-0.145,0.961,-7.339,1.221,-1.068
0.183804,0.031,-0.142,0.955,-6.844,1.167,-1.152
0.184748,0.029,-0.134,0.962,-6.981,1.236,-1.274
0.185694,0.032,-0.136,0.963,-7.271,1.106,-1.282
0.223499,0.024,-0.137,0.955,-7.156,1.35,-1.213
0.224490,0.027,-0.135,0.961,-7.08,1.076,-1.053
0.225441,0.03,-0.132,0.955,-7.538,1.305,-1.328
0.226387,0.025,-0.13,0.953,-7.271,1.015,-1.03
0.227356,0.023,-0.126,0.947,-7.271,1.076,-1.244
0.228303,0.025,-0.133,0.955,-7.095,1.274,-0.679
0.229257,0.025,-0.128,0.96,-7.416,0.893,-0.694
0.267373,0.024,-0.133,0.955,-7.309,1.167,-0.404
0.268397,0.021,-0.136,0.955,-7.019,1.129,-0.42
0.269347,0.031,-0.138,0.961,-7.454,1.434,-0.343
0.270297,0.03,-0.143,0.961,-7.37,1.297,-0.092
0.271243,0.026,-0.142,0.951,-7.286,1.137,0.038
0.272184,0.027,-0.139,0.953,-7.523,1.251,-0.252
0.273143,0.029,-0.141,0.955,-7.561,1.19,-0.572
0.274094,0.03,-0.141,0.962,-7.286,1.427,-0.504
0.311992,0.029,-0.14,0.956,-7.401,1.129,-0.809
0.312991,0.034,-0.137,0.965,-7.294,1.175,-0.763
0.313950,0.033,-0.132,0.961,-7.057,1.091,-0.969
0.314904,0.031,-0.129,0.958,-7.347,0.984,-1.495
0.315889,0.029,-0.123,0.961,-7.545,1.083,-1.289
0.316848,0.027,-0.12,0.952,-7.195,1.068,-1.526
0.317811,0.021,-0.123,0.956,-7.507,1.114,-1.663
0.355532,0.026,-0.118,0.957,-7.164,1.259,-1.282
0.356524,0.025,-0.12,0.958,-7.172,1.396,-1.106
0.357474,0.023,-0.128,0.959,-7.492,1.442,-1.16
0.358426,0.016,-0.129,0.957,-7.538,1.274,-0.786
0.359387,0.018,-0.132,0.955,-7.851,1.35,-0.351
0.360341,0.024,-0.136,0.958,-7.545,1.358,-0.328
0.361295,0.017,-0.134,0.953,-7.813,1.236,-0.137
0.399178,0.019,-0.14,0.957,-7.576,1.022,-0.29
0.400204,0.025,-0.138,0.954,-7.942,1.129,0.122
0.401156,0.025,-0.137,0.959,-7.576,1.167,-0.122
0.402100,0.028,-0.136,0.955,-7.416,1.099,-0.381
0.403044,0.031,-0.136,0.953,-7.454,1.19,-0.58
0.404008,0.029,-0.132,0.965,-7.179,0.969,-0.923
0.404963,0.028,-0.133,0.959,-7.492,1.259,-1.251
0.442900,0.031,-0.129,0.956,-7.553,1.198,-1.099
0.443929,0.03,-0.133,0.952,-7.675,1.19,-1.511
0.444881,0.031,-0.132,0.957,-7.401,1.167,-1.617
0.445828,0.026,-0.134,0.961,-7.538,1.16,-1.495
0.446780,0.027,-0.13,0.958,-7.248,1.61,-1.381
0.447745,0.027,-0.13,0.957,-7.469,1.297,-1.244
0.448701,0.023,-0.129,0.957,-7.568,1.236,-0.839
0.486401,0.022,-0.132,0.954,-7.416,1.404,-0.618
0.487418,0.025,-0.13,0.957,-7.599,1.503,-0.366
0.488366,0.025,-0.13,0.953,-7.896,1.335,-0.595
0.489313,0.027,-0.134,0.958,-7.805,1.129,-0.13
0.490258,0.027,-0.131,0.959,-7.782,1.144,-0.587
0.491210,0.03,-0.126,0.96,-7.751,1.289,-0.488
0.492177,0.034,-0.131,0.956,-7.675,1.266,-0.42
0.529938,0.032,-0.128,0.96,-7.523,1.06,-0.854
0.530949,0.03,-0.134,0.958,-7.607,1.472,-1.099
0.531926,0.03,-0.139,0.959,-7.492,1.083,-0.87
0.532869,0.026,-0.14,0.954,-7.858,1.434,-0.763
0.533815,0.027,-0.144,0.959,-7.431,1.244,-0.999
0.534761,0.024,-0.14,0.961,-7.469,1.282,-0.755
0.535728,0.026,-0.146,0.956,-7.675,1.244,-0.969
0.573573,0.024,-0.147,0.954,-7.751,1.114,-0.793
0.574561,0.021,-0.146,0.964,-7.423,1.328,-0.771
0.575530,0.025,-0.148,0.957,-7.248,1.358,-0.992
0.576480,0.03,-0.149,0.953,-7.271,1.32,-0.618
0.577422,0.029,-0.144,0.957,-7.195,1.251,-0.648
0.578364,0.025,-0.139,0.961,-7.385,1.35,-0.732
0.579361,0.026,-0.132,0.959,-7.492,1.434,-0.908
0.617147,0.029,-0.131,0.956,-7.591,1.305,-0.412
0.618134,0.029,-0.131,0.96,-7.538,1.328,-0.648
0.619079,0.028,-0.133,0.96,-7.439,1.289,-1.076
0.620080,0.029,-0.131,0.957,-7.408,1.282,-1.175
0.621023,0.031,-0.132,0.96,-7.515,1.282,-0.938
0.621970,0.026,-0.135,0.958,-7.393,1.251,-1.015
0.622927,0.027,-0.135,0.955,-7.446,1.198,-0.946
0.660676,0.027,-0.138,0.952,-7.553,1.122,-0.587
0.661653,0.025,-0.14,0.954,-7.469,1.358,-0.671
0.662601,0.026,-0.141,0.954,-7.309,1.175,-0.641
0.663569,0.021,-0.144,0.962,-7.713,1.144,-0.458
0.664512,0.024,-0.142,0.958,-7.797,1.068,-0.435
0.665445,0.027,-0.144,0.957,-7.217,0.992,-0.488
0.666398,0.026,-0.14,0.96,-7.263,1.305,-0.603
0.704360,0.029,-0.139,0.961,-7.423,1.083,-0.648
0.705352,0.031,-0.138,0.96,-7.126,1.122,-0.763
0.706300,0.029,-0.131,0.955,-7.385,1.328,-0.748
0.707486,0.028,-0.133,0.965,-7.355,1.038,-0.877
0.708438,0.029,-0.128,0.954,-7.141,1.465,-1.16
0.709384,0.029,-0.125,0.96,-7.347,1.411,-1.19
0.710338,0.028,-0.122,0.96,-7.507,1.106,-0.992
0.748122,0.03,-0.124,0.962,-7.149,1.305,-1.015
0.749124,0.028,-0.12,0.954,-7.401,1.274,-1.106
0.750067,0.028,-0.122,0.953,-7.393,1.091,-1.06
0.751004,0.021,-0.125,0.957,-7.446,1.465,-1.152
0.751970,0.025,-0.127,0.954,-7.561,1.244,-0.916
0.752911,0.024,-0.13,0.956,-7.523,1.312,-0.74
0.753864,0.018,-0.129,0.954,-7.866,1.183,-0.771
0.754817,0.023,-0.125,0.955,-7.942,1.534,-0.496
0.792695,0.027,-0.129,0.959,-7.584,1.167,-0.389
0.793681,0.023,-0.133,0.961,-8.003,1.244,-0.557
0.794629,0.026,-0.134,0.955,-7.561,1.297,-0.603
0.795593,0.024,-0.136,0.96,-7.454,1.251,-0.183
0.796538,0.021,-0.138,0.959,-7.82,1.366,-0.633
0.797488,0.032,-0.138,0.958,-7.652,1.244,-0.748
0.798443,0.028,-0.137,0.96,-7.82,1.16,-0.992
0.836237,0.031,-0.134,0.961,-7.416,1.266,-1.144
0.837217,0.03,-0.135,0.963,-7.454,1.389,-1.465
0.838175,0.026,-0.14,0.962,-7.584,1.144,-1.244
0.839120,0.026,-0.138,0.958,-7.614,1.183,-1.03
0.840108,0.022,-0.14,0.959,-7.21,1.19,-1.076
0.841064,0.022,-0.144,0.959,-7.21,1.335,-0.87
0.842017,0.024,-0.14,0.958,-7.774,1.404,-0.816
0.879916,0.025,-0.138,0.96,-7.858,1.007,-0.816
0.880925,0.026,-0.139,0.96,-7.355,1.289,-0.702
0.881878,0.031,-0.137,0.96,-7.629,1.396,-0.389
0.882826,0.03,-0.133,0.955,-7.278,1.236,-0.504
0.883785,0.027,-0.136,0.961,-7.545,1.373,-0.809
0.884737,0.031,-0.136,0.966,-7.332,1.251,-0.481
0.885693,0.032,-0.136,0.953,-7.332,1.274,-0.565
0.923456,0.033,-0.131,0.958,-7.492,1.381,-1.022
0.924447,0.03,-0.131,0.952,-7.614,1.228,-0.999
0.925394,0.029,-0.127,0.959,-7.507,1.312,-0.969
0.926336,0.031,-0.134,0.959,-7.607,1.343,-1.335
0.927296,0.027,-0.136,0.958,-7.278,1.404,-1.205
0.928249,0.023,-0.133,0.955,-7.187,1.289,-1.137
0.929199,0.025,-0.141,0.955,-7.355,1.053,-1.076
0.967158,0.021,-0.142,0.956,-7.561,1.266,-0.71
0.968178,0.022,-0.141,0.951,-7.553,1.244,-0.404
0.969129,0.025,-0.141,0.952,-7.729,1.404,-0.626
0.970071,0.023,-0.141,0.958,-7.362,1.183,-0.381
0.971016,0.026,-0.137,0.96,-7.607,1.389,-0.801
0.971979,0.024,-0.138,0.96,-7.561,1.106,-0.336
0.972932,0.026,-0.139,0.953,-7.347,1.183,-0.511
1.010629,0.029,-0.135,0.963,-7.347,1.099,-0.633
1.011646,0.031,-0.13,0.963,-7.355,1.259,-0.824
1.012594,0.034,-0.131,0.959,-7.568,1.183,-1.16
1.013541,0.025,-0.132,0.96,-7.271,1.205,-1.129
1.014483,0.031,-0.131,0.964,-7.286,1.297,-0.992
1.015448,0.027,-0.13,0.953,-7.24,1.358,-1.373
1.016406,0.024,-0.132,0.953,-7.431,0.969,-0.992
1.054297,0.029,-0.136,0.959,-7.538,1.038,-0.771
1.055319,0.023,-0.136,0.952,-7.378,1.259,-1.152
1.056269,0.021,-0.138,0.954,-7.156,1.266,-0.984
1.057209,0.024,-0.138,0.949,-7.607,1.213,-0.793
1.058153,0.024,-0.135,0.954,-7.629,1.16,-0.412
1.059098,0.026,-0.134,0.956,-7.423,1.236,-0.481
1.060066,0.026,-0.137,0.961,-7.469,1.312,-0.443
1.097807,0.027,-0.137,0.952,-7.423,1.465,-0.496
1.098801,0.029,-0.135,0.961,-7.469,1.282,-0.618
1.099785,0.031,-0.129,0.958,-7.332,1.328,-0.549
1.100739,0.029,-0.134,0.955,-7.484,1.343,-0.87
1.101683,0.029,-0.131,0.96,-7.385,1.381,-0.801
1.102630,0.029,-0.132,0.956,-7.637,1.183,-0.954
1.103597,0.026,-0.127,0.957,-7.37,1.389,-1.244
1.141515,0.032,-0.127,0.96,-7.469,1.282,-1.48
1.142504,0.029,-0.128,0.952,-7.362,1.305,-1.099
1.143481,0.025,-0.131,0.962,-7.484,1.129,-0.984
1.144430,0.023,-0.129,0.957,-7.614,1.312,-1.022
1.145377,0.021,-0.127,0.949,-7.668,1.358,-0.854
1.146323,0.026,-0.132,0.953,-7.607,1.343,-0.916
1.147297,0.026,-0.132,0.959,-7.66,1.564,-0.969
1.185068,0.024,-0.135,0.958,-7.668,1.114,-0.801
1.186061,0.028,-0.133,0.958,-7.698,1.198,-1.007
1.187009,0.022,-0.135,0.959,-7.782,1.205,-0.565
1.187991,0.023,-0.141,0.956,-7.82,1.213,-0.809
1.188939,0.024,-0.141,0.955,-7.782,1.038,-0.465
1.189888,0.025,-0.142,0.958,-7.744,1.45,-0.511
1.190846,0.022,-0.144,0.952,-7.454,1.282,-0.557
1.228736,0.026,-0.145,0.958,-7.301,1.282,-0.679
1.229728,0.025,-0.15,0.954,-7.721,1.228,-0.839
1.230677,0.028,-0.145,0.951,-7.393,1.198,-0.954
1.231653,0.026,-0.149,0.959,-7.759,1.534,-0.809
1.232596,0.028,-0.146,0.963,-7.233,1.289,-0.816
1.233539,0.029,-0.145,0.957,-7.202,0.984,-0.885
1.234493,0.028,-0.144,0.954,-7.118,1.259,-0.977
1.272493,0.028,-0.145,0.964,-7.156,0.923,-0.969
1.273515,0.029,-0.146,0.958,-7.401,0.923,-0.946
1.274467,0.028,-0.145,0.957,-7.004,1.114,-1.007
1.275447,0.029,-0.146,0.959,-7.233,1.228,-0.908
1.276395,0.031,-0.141,0.959,-7.195,1.144,-0.786
1.277338,0.03,-0.144,0.962,-7.263,1.236,-0.557
1.278293,0.032,-0.139,0.958,-7.133,1.32,-0.61
1.279262,0.032,-0.134,0.963,-6.851,1.175,-0.534
1.317003,0.036,-0.137,0.959,-7.24,1.198,-0.572
1.317994,0.034,-0.139,0.961,-7.172,1.221,-0.832
1.318940,0.031,-0.138,0.957,-7.027,1.35,-0.557
1.319932,0.031,-0.135,0.959,-7.21,1.236,-0.664
1.320883,0.029,-0.13,0.962,-7.225,1.419,-0.671
1.321836,0.035,-0.132,0.956,-6.927,1.259,-0.793
1.322788,0.025,-0.132,0.959,-7.561,1.221,-0.633
1.360602,0.03,-0.138,0.959,-7.103,1.175,-1.06
1.361612,0.027,-0.132,0.962,-7.08,1.282,-0.755
1.362560,0.028,-0.136,0.957,-7.339,1.396,-0.961
1.363542,0.023,-0.135,0.955,-7.004,1.343,-0.854
1.364492,0.022,-0.136,0.959,-7.179,1.144,-0.946
1.365445,0.021,-0.135,0.957,-7.233,1.053,-0.786
1.366402,0.022,-0.13,0.954,-7.08,0.999,-0.679
1.404301,0.02,-0.128,0.959,-7.019,1.381,-0.572
1.405289,0.021,-0.133,0.96,-7.416,1.068,-0.267
1.406233,0.021,-0.129,0.955,-7.217,1.274,-0.427
1.407178,0.018,-0.132,0.955,-6.691,1.335,-0.71
1.408149,0.021,-0.128,0.958,-7.637,1.167,-0.74
1.409096,0.021,-0.13,0.954,-7.133,1.144,-0.572
1.410049,0.023,-0.13,0.955,-7.317,1.19,-0.786
1.447684,0.018,-0.127,0.955,-7.294,1.221,-0.916
1.448675,0.026,-0.12,0.958,-7.561,1.06,-0.786
1.449620,0.022,-0.119,0.96,-7.484,1.244,-0.961
1.450563,0.02,-0.131,0.954,-7.088,1.312,-0.938
1.451518,0.022,-0.125,0.96,-7.248,1.244,-0.679
1.452462,0.027,-0.123,0.955,-7.484,1.137,-0.862
1.453416,0.026,-0.123,0.958,-7.5,1.06,-1.053
1.491344,0.027,-0.123,0.957,-7.568,1.335,-0.862
1.492329,0.026,-0.12,0.957,-7.271,1.175,-0.732
1.493273,0.029,-0.122,0.954,-7.797,1.083,-0.801
1.494219,0.033,-0.122,0.955,-7.484,1.389,-0.679
1.495160,0.029,-0.122,0.955,-7.935,1.389,-0.786
1.496121,0.031,-0.125,0.949,-7.919,1.221,-0.778
1.497077,0.029,-0.129,0.964,-7.912,1.297,-1.152
1.534856,0.028,-0.132,0.959,-8.018,1.228,-0.694
1.535879,0.026,-0.13,0.957,-7.95,1.35,-0.732
1.536831,0.03,-0.132,0.954,-7.797,1.541,-1.091
1.537780,0.031,-0.133,0.953,-8.034,1.213,-0.954
1.538728,0.025,-0.136,0.958,-7.523,1.45,-0.87
1.539694,0.027,-0.133,0.961,-7.912,1.358,-0.923
1.540652,0.029,-0.14,0.96,-7.805,1.259,-0.946
1.578410,0.025,-0.139,0.955,-7.637,1.389,-0.87
1.579416,0.025,-0.143,0.959,-7.675,1.198,-0.938
1.580362,0.026,-0.145,0.964,-7.675,1.213,-0.854
1.581306,0.025,-0.145,0.962,-7.599,1.205,-0.847
1.582247,0.028,-0.145,0.963,-7.851,1.358,-0.687
1.583190,0.023,-0.141,0.963,-7.477,1.366,-0.603
1.584161,0.024,-0.148,0.96,-7.477,1.259,-1.022
1.622076,0.026,-0.146,0.958,-7.698,1.48,-0.42
1.623066,0.028,-0.145,0.953,-7.698,1.076,-1.03
1.624043,0.025,-0.147,0.959,-7.576,1.419,-0.648
1.624989,0.028,-0.146,0.955,-7.431,1.221,-0.664
1.625927,0.028,-0.145,0.95,-7.607,0.992,-0.648
1.626867,0.03,-0.145,0.957,-7.607,1.297,-0.557
1.627830,0.029,-0.144,0.96,-7.256,1.457,-0.679
1.665625,0.024,-0.146,0.957,-7.294,1.076,-0.763
1.666617,0.029,-0.142,0.956,-7.233,1.144,-1.015
1.667589,0.027,-0.14,0.953,-7.011,1.076,-0.603
1.668532,0.029,-0.14,0.954,-7.523,1.053,-0.534
1.669466,0.029,-0.137,0.958,-7.454,1.083,-0.885
1.670408,0.032,-0.137,0.959,-7.439,1.32,-0.893
1.671372,0.029,-0.133,0.954,-6.897,1.297,-0.549
1.709179,0.026,-0.137,0.958,-7.294,1.434,-0.717
1.710167,0.029,-0.137,0.958,-7.164,1.343,-0.992
1.711114,0.029,-0.138,0.964,-7.072,1.076,-0.778
1.712085,0.03,-0.137,0.954,-7.156,1.167,-0.32
1.713029,0.027,-0.134,0.956,-7.118,1.213,-0.71
1.713976,0.029,-0.135,0.955,-7.446,1.015,-0.832
1.714932,0.03,-0.135,0.958,-7.317,1.251,-0.809
1.752983,0.029,-0.136,0.959,-7.324,1.205,-0.687
1.753967,0.023,-0.136,0.955,-7.149,1.305,-0.931
1.755104,0.029,-0.133,0.951,-7.301,1.328,-0.946
1.756082,0.026,-0.135,0.963,-7.24,1.511,-0.74
1.757017,0.022,-0.138,0.959,-7.278,1.579,-0.854
1.757959,0.023,-0.131,0.957,-7.141,0.992,-0.87
1.758927,0.021,-0.139,0.962,-6.996,1.328,-0.694
1.759898,0.021,-0.137,0.958,-7.339,1.389,-0.656
1.797541,0.022,-0.133,0.96,-7.263,1.373,-0.427
1.798526,0.025,-0.131,0.96,-7.538,1.373,-0.58
1.799495,0.025,-0.13,0.955,-7.332,1.32,-0.755
1.800448,0.025,-0.132,0.957,-7.401,1.274,-0.778
1.801388,0.023,-0.13,0.958,-7.271,1.175,-0.931
1.802336,0.022,-0.127,0.957,-7.599,1.167,-0.778
1.803308,0.028,-0.13,0.954,-7.393,1.289,-0.565
1.841262,0.024,-0.126,0.954,-7.507,1.213,-1.03
1.842274,0.023,-0.129,0.961,-7.858,1.205,-0.954
1.843251,0.028,-0.129,0.957,-7.538,1.259,-0.923
1.844209,0.026,-0.127,0.957,-7.362,1.556,-1.068
1.845150,0.023,-0.125,0.956,-7.774,1.343,-0.999
1.846102,0.029,-0.124,0.957,-7.591,1.259,-0.71
1.847059,0.026,-0.13,0.957,-7.446,1.221,-0.923
1.884642,0.031,-0.128,0.953,-7.576,1.305,-0.778
1.885633,0.029,-0.126,0.961,-7.744,1.015,-1.007
1.886590,0.027,-0.13,0.962,-7.431,1.114,-0.9
1.887569,0.027,-0.13,0.954,-7.713,1.144,-0.969
1.888516,0.026,-0.131,0.958,-7.66,1.289,-1.007
1.889467,0.028,-0.132,0.953,-7.484,1.419,-0.801
1.890421,0.028,-0.131,0.954,-7.561,1.526,-0.938
1.928044,0.026,-0.133,0.961,-7.652,1.297,-0.923
1.929038,0.026,-0.133,0.955,-7.614,1.236,-0.923
1.929988,0.026,-0.139,0.951,-7.69,1.266,-0.839
1.930942,0.026,-0.137,0.956,-7.561,1.442,-0.923
1.931905,0.025,-0.137,0.958,-7.721,1.305,-0.977
1.932862,0.024,-0.14,0.96,-7.523,1.289,-1.106
1.933819,0.022,-0.143,0.955,-7.439,1.19,-0.61
1.971832,0.023,-0.141,0.962,-7.446,1.266,-0.832
1.972824,0.025,-0.143,0.958,-7.561,1.266,-0.847
1.973774,0.029,-0.141,0.959,-7.408,1.404,-0.679
1.974719,0.021,-0.142,0.96,-7.408,1.259,-1.144
1.975693,0.026,-0.142,0.959,-7.286,1.335,-0.748
1.976645,0.024,-0.142,0.953,-7.416,1.366,-0.412
1.977604,0.026,-0.141,0.961,-7.332,1.198,-0.633
2.015457,0.028,-0.14,0.957,-7.683,1.045,-0.839
2.016448,0.028,-0.139,0.959,-7.553,1.076,-0.641
2.017395,0.027,-0.143,0.958,-7.416,1.236,-0.694
2.018341,0.031,-0.139,0.959,-7.469,1.129,-0.732
2.019301,0.028,-0.14,0.955,-7.607,1.244,-0.954
2.020252,0.029,-0.139,0.96,-7.339,1.137,-0.717
2.021206,0.029,-0.136,0.958,-7.317,1.35,-0.679
2.058985,0.031,-0.138,0.953,-7.446,1.022,-0.557
2.060005,0.027,-0.134,0.956,-7.469,1.183,-0.862
2.060957,0.028,-0.14,0.96,-7.233,1.244,-0.565
2.061903,0.027,-0.136,0.959,-7.347,1.114,-0.87
2.062850,0.029,-0.132,0.956,-7.385,1.213,-1.015
2.063815,0.03,-0.135,0.956,-7.362,1.099,-0.824
2.064769,0.03,-0.135,0.955,-7.553,1.404,-0.824
2.102640,0.03,-0.14,0.953,-7.164,1.152,-0.435
2.103661,0.026,-0.139,0.953,-7.278,1.282,-0.481
2.104616,0.025,-0.138,0.963,-7.24,1.198,-0.755
2.105563,0.025,-0.137,0.961,-7.301,1.175,-0.793
2.106509,0.027,-0.139,0.953,-7.072,1.144,-0.725
2.107475,0.029,-0.137,0.96,-7.423,1.183,-0.954
2.108433,0.026,-0.134,0.955,-7.217,1.152,-0.763
2.146193,0.022,-0.136,0.96,-7.347,1.137,-0.732
2.147179,0.024,-0.134,0.957,-7.202,1.289,-1.038
2.148161,0.027,-0.133,0.959,-7.278,1.228,-0.801
2.149107,0.026,-0.133,0.953,-7.317,1.221,-0.671
2.150044,0.023,-0.135,0.956,-7.286,1.213,-0.687
2.150992,0.025,-0.133,0.95,-7.263,1.045,-0.999
2.151959,0.025,-0.131,0.954,-7.057,1.213,-0.801
2.189745,0.02,-0.134,0.956,-7.462,1.144,-0.717
2.190735,0.024,-0.133,0.955,-7.294,1.221,-0.992
2.191717,0.025,-0.129,0.957,-7.271,1.259,-0.778
2.192668,0.026,-0.131,0.959,-7.454,1.167,-0.755
2.193611,0.024,-0.131,0.96,-7.431,1.213,-0.603
2.194550,0.026,-0.13,0.954,-7.37,1.259,-0.793
2.195528,0.027,-0.127,0.953,-7.278,1.015,-0.694
2.233421,0.031,-0.129,0.956,-7.332,1.205,-0.671
2.234411,0.026,-0.129,0.949,-7.652,1.129,-0.938
2.235387,0.027,-0.128,0.953,-7.37,1.152,-0.755
2.236338,0.022,-0.129,0.955,-7.545,1.137,-0.832
2.237281,0.028,-0.128,0.961,-7.66,1.183,-0.549
2.238218,0.027,-0.13,0.961,-7.591,1.32,-0.786
2.239164,0.026,-0.128,0.95,-7.545,1.175,-1.038
2.277176,0.027,-0.129,0.956,-7.393,1.244,-0.679
2.278168,0.031,-0.131,0.955,-7.767,1.488,-0.793
2.279117,0.029,-0.129,0.956,-7.805,1.228,-0.862
2.280098,0.024,-0.133,0.953,-7.736,1.35,-0.74
2.281049,0.03,-0.132,0.958,-7.629,1.35,-0.725
2.281983,0.026,-0.136,0.956,-7.698,1.518,-0.931
2.282939,0.028,-0.135,0.954,-7.454,1.343,-0.816
2.283919,0.024,-0.135,0.956,-7.79,1.06,-0.595
2.321766,0.026,-0.136,0.957,-7.843,1.511,-0.908
2.322761,0.024,-0.138,0.958,-7.553,1.465,-0.908
2.323743,0.024,-0.137,0.956,-7.553,1.152,-1.122
2.324686,0.025,-0.138,0.96,-7.317,1.35,-1.076
2.325627,0.022,-0.137,0.954,-7.607,1.427,-0.786
2.326578,0.026,-0.14,0.962,-7.713,1.251,-0.694
2.327558,0.025,-0.139,0.959,-7.545,1.389,-0.771
2.365381,0.028,-0.141,0.957,-7.492,1.198,-0.824
2.366370,0.026,-0.139,0.959,-7.622,1.366,-0.71
2.367337,0.025,-0.143,0.948,-7.446,1.427,-0.877
2.368285,0.03,-0.137,0.958,-7.561,1.282,-1.083
2.369234,0.026,-0.138,0.961,-7.408,1.404,-0.854
2.370195,0.029,-0.146,0.955,-7.477,1.457,-0.664
2.371157,0.03,-0.139,0.957,-7.553,1.236,-0.679
2.408842,0.029,-0.14,0.959,-7.423,1.16,-0.801
2.409830,0.028,-0.141,0.958,-7.469,1.289,-0.916
2.410778,0.029,-0.137,0.956,-7.523,1.045,-0.885
2.411752,0.031,-0.137,0.957,-7.164,1.335,-1.122
2.412694,0.029,-0.141,0.96,-7.256,1.381,-0.816
2.413639,0.029,-0.136,0.958,-7.164,1.328,-0.687
2.414592,0.031,-0.137,0.956,-7.37,1.366,-0.893
2.452428,0.025,-0.137,0.956,-7.339,1.381,-0.786
2.453417,0.026,-0.138,0.954,-7.515,1.152,-0.755
2.454371,0.027,-0.136,0.96,-7.332,1.091,-0.778
2.455339,0.027,-0.136,0.96,-7.149,1.167,-0.374
2.456287,0.029,-0.135,0.96,-7.133,1.244,-0.71
2.457236,0.027,-0.135,0.956,-7.408,1.236,-0.771
2.458190,0.022,-0.139,0.96,-7.126,1.32,-0.954
2.495983,0.024,-0.138,0.96,-7.286,1.053,-0.557
2.496953,0.025,-0.134,0.955,-7.553,1.472,-0.633
2.497900,0.026,-0.136,0.96,-7.347,1.198,-0.443
2.498842,0.025,-0.136,0.955,-7.233,1.076,-0.816
2.499811,0.022,-0.137,0.955,-7.462,1.366,-0.832
2.500761,0.026,-0.136,0.953,-7.515,1.289,-0.534
2.501714,0.025,-0.141,0.964,-7.172,1.228,-0.725
2.539549,0.022,-0.137,0.96,-7.301,1.167,-0.854
2.540515,0.027,-0.132,0.96,-7.256,1.335,-0.954
2.541462,0.023,-0.136,0.957,-7.347,1.213,-0.648
2.542408,0.027,-0.129,0.958,-7.225,1.45,-0.816
2.543363,0.025,-0.134,0.954,-7.355,1.335,-0.931
2.544304,0.03,-0.134,0.963,-7.431,1.114,-0.534
2.545254,0.025,-0.129,0.961,-7.286,1.068,-1.083
2.583056,0.029,-0.133,0.958,-7.408,0.999,-0.755
2.584062,0.023,-0.13,0.96,-7.416,1.167,-0.854
2.585011,0.028,-0.13,0.955,-7.355,1.358,-0.763
2.585956,0.027,-0.129,0.96,-7.217,1.152,-0.717
2.586900,0.028,-0.132,0.96,-7.553,1.167,-0.542
2.587882,0.025,-0.126,0.96,-7.553,1.099,-0.877
2.588836,0.026,-0.131,0.96,-7.423,1.442,-0.832
2.626739,0.026,-0.131,0.958,-7.561,1.595,-1.099
2.627733,0.029,-0.128,0.958,-7.378,1.274,-0.885
2.628680,0.031,-0.131,0.955,-7.706,1.114,-1.007
2.629624,0.027,-0.132,0.962,-7.431,1.45,-0.618
2.630563,0.026,-0.135,0.958,-7.515,1.183,-0.916
2.631521,0.025,-0.13,0.955,-7.538,1.259,-0.984
2.632472,0.027,-0.135,0.96,-7.66,1.038,-0.893
2.670266,0.028,-0.135,0.956,-7.515,1.335,-0.641
2.671263,0.024,-0.135,0.959,-7.195,1.411,-0.648
2.672213,0.03,-0.137,0.959,-7.53,1.251,-0.755
2.673159,0.025,-0.141,0.957,-7.568,1.221,-0.847
2.674100,0.026,-0.139,0.954,-7.172,1.343,-0.9
2.675041,0.028,-0.137,0.957,-7.568,1.205,-0.87
2.676009,0.024,-0.137,0.953,-7.416,1.434,-1.03
2.713818,0.022,-0.139,0.966,-7.347,1.289,-0.961
2.714788,0.023,-0.141,0.965,-7.439,1.244,-0.916
2.715768,0.027,-0.138,0.954,-7.629,1.457,-0.793
2.716709,0.026,-0.141,0.957,-7.538,1.221,-0.893
2.717647,0.028,-0.137,0.952,-7.828,1.404,-0.847
2.718588,0.031,-0.135,0.961,-7.629,1.045,-1.03
2.719557,0.027,-0.139,0.956,-7.713,1.312,-0.702
2.757475,0.028,-0.14,0.958,-7.263,1.305,-0.633
2.758441,0.029,-0.142,0.961,-7.309,1.297,-0.786
2.759412,0.027,-0.137,0.955,-7.523,1.183,-0.778
2.760359,0.027,-0.14,0.954,-7.309,1.419,-0.481
2.761301,0.025,-0.136,0.957,-7.225,1.144,-0.809
2.762244,0.033,-0.135,0.955,-7.469,1.389,-0.87
2.763197,0.027,-0.139,0.96,-7.416,1.175,-0.755
